{"THRESHOLD":0.035719506051161094,"ALPHABETUCASE":"ABCDEFGHIJKLMNOPQRSTUVWXYZ","SPACECHARACTER":" ","ALPHABET":"abcdefghijklmnopqrstuvwxyz","LOGPROBABILITYMATRIX":{"a":{"a":-9.742677945627488,"b":-3.9439641508039993,"c":-3.2287680460414725,"d":-3.056296950703006,"e":-6.060068104527146,"f":-4.708163377741289,"g":-4.001144854975517,"h":-6.778694370388076,"i":-3.2540430855765163,"j":-7.077187358944073,"k":-4.519847706959578,"l":-2.506848692149825,"m":-3.651745208566517,"n":-1.5780728227186476,"o":-8.008076890239382,"p":-3.9019151715580045,"q":-9.662635237953952,"r":-2.3091099130711115,"s":-2.3643202583702307,"t":-1.953033611488559,"u":-4.547178034760806,"v":-3.8808239164007916,"w":-4.719071585166753,"x":-6.568102379655866,"y":-3.657229855885018,"z":-6.653531227434071," ":-2.5974818106303164},"b":{"a":-2.5549048718856886,"b":-5.138946200446804,"c":-6.075155575627479,"d":-6.2997795121121225,"e":-1.1748900351879203,"f":-8.80715901775218,"g":-8.902469197556506,"h":-8.640104933089015,"i":-3.3364173963663846,"j":-5.006575574058243,"k":-8.80715901775218,"l":-2.1392773697657215,"m":-6.123649925566089,"n":-6.887566177014241,"o":-2.1473990062400174,"p":-8.640104933089015,"q":-8.902469197556506,"r":-2.7212110788158683,"s":-3.794102414966915,"t":-4.709788734613544,"u":-2.1388152625486256,"v":-6.322252367964181,"w":-7.7085467290840715,"x":-8.902469197556506,"y":-2.3630277610517405,"z":-8.902469197556506," ":-4.530492898736126},"c":{"a":-2.093082127580473,"b":-9.585229427285519,"c":-3.84801217654308,"d":-7.698159778253138,"e":-1.7413415742156868,"f":-8.796772066921248,"g":-9.585229427285519,"h":-1.9134026294067372,"i":-2.9355974185136176,"j":-9.585229427285519,"k":-3.347881841893837,"l":-3.281695119668925,"m":-8.591977654275235,"n":-8.943375541113124,"o":-1.6033936518246035,"p":-9.585229427285519,"q":-6.370361623814857,"r":-3.380873705327678,"s":-5.866791170930037,"t":-2.395684401556438,"u":-3.220478670433607,"v":-9.585229427285519,"w":-9.054601176223349,"x":-9.585229427285519,"y":-4.625185919305323,"z":-8.332466458790151," ":-3.7142390336454105},"d":{"a":-3.785226786287411,"b":-8.786933449639365,"c":-8.817705108306118,"d":-4.621913929747328,"e":-2.0225937491364,"f":-7.177495537205265,"g":-5.482157976634225,"h":-7.118655037182331,"i":-2.5164033917076156,"j":-6.330197676818061,"k":-7.719092819638009,"l":-4.630895318411924,"m":-5.590117342835897,"n":-6.134972715188199,"o":-3.1735841777079847,"p":-9.147946795176695,"q":-8.189096448883745,"r":-3.678053808953692,"s":-3.798564421166151,"t":-7.926732184416253,"u":-4.049406803413804,"v":-5.620308315115042,"w":-7.447159104154368,"x":-9.9808559181118,"y":-4.674570381914586,"z":-9.798534361317845," ":-0.495690775686392},"e":{"a":-3.134776037802713,"b":-6.436314235637307,"c":-3.752951730716709,"d":-2.450047012245314,"e":-3.7667534517286345,"f":-4.601571883119658,"g":-4.995254247910872,"h":-6.439268447534739,"i":-4.507261203648417,"j":-8.254981157785286,"k":-7.084283142344224,"l":-3.4796335646595082,"m":-3.785110159817884,"n":-2.422938735948874,"o":-5.330842537418305,"p":-4.468040490495136,"q":-6.302168479167203,"r":-2.0106848156612704,"s":-2.574829233644473,"t":-3.7862904286395915,"u":-6.089918093404876,"v":-4.150786279712352,"w":-4.767328109067225,"x":-4.483963291423596,"y":-4.5717235372121445,"z":-7.762504672687493," ":-1.050259764025772},"f":{"a":-2.799868538707847,"b":-8.067726697771175,"c":-9.402727764503515,"d":-9.30741758469919,"e":-2.484131462343503,"f":-2.9593917364732127,"g":-9.22040620770956,"h":-9.066255527882301,"i":-2.4828463057235375,"j":-9.30741758469919,"k":-8.872099513441345,"l":-3.780155345272857,"m":-9.140363500036024,"n":-7.773487224773235,"o":-1.938046024872724,"p":-9.402727764503515,"q":-9.402727764503515,"r":-2.390072075696008,"s":-6.284777858225275,"t":-3.349932962243927,"u":-3.532583752632089,"v":-9.402727764503515,"w":-7.967643239214192,"x":-9.402727764503515,"y":-6.171923368770041,"z":-9.402727764503515," ":-0.9377335406308716},"g":{"a":-2.7183192046349767,"b":-8.920543243857447,"c":-9.182907508324938,"d":-7.195033160170593,"e":-1.997141776587751,"f":-8.541053622152543,"g":-4.668756720724016,"h":-2.256919461081741,"i":-2.895048948163154,"j":-9.182907508324938,"k":-8.712903879079203,"l":-3.395090304725663,"m":-6.1576164325294025,"n":-3.7793296311194085,"o":-2.869178319034939,"p":-9.182907508324938,"q":-9.182907508324938,"r":-2.5932935092792904,"s":-4.152469586932503,"t":-5.224000916997942,"u":-3.5262166412025877,"v":-9.182907508324938,"w":-7.93014453982957,"x":-9.182907508324938,"y":-5.924810970303456,"z":-8.920543243857447," ":-0.9587439956870768},"h":{"a":-1.9048297875296627,"b":-7.507290220136801,"c":-8.176045947572586,"d":-7.584251261272929,"e":-0.7376553303811746,"f":-7.9220577209072784,"g":-10.109979905581184,"h":-9.299049689364855,"i":-2.004873698581998,"j":-10.29230146237514,"k":-7.931447461257117,"l":-6.657350350286758,"m":-6.27591844162275,"n":-6.722768765893768,"o":-2.570864201204319,"p":-9.704514797473019,"q":-10.109979905581184,"r":-4.585523478739139,"s":-6.327686006827822,"t":-3.7777369306257778,"u":-4.630730836528247,"v":-9.650447576202744,"w":-7.501136354562422,"x":-10.29230146237514,"y":-5.033764965838946,"z":-10.29230146237514," ":-2.2704215030943833},"i":{"a":-3.7166127961966247,"b":-4.720078240367741,"c":-2.7862734443746193,"d":-3.2266408796519475,"e":-3.169555080098318,"f":-3.90863768987139,"g":-3.6816376388425534,"h":-9.227574343622162,"i":-6.427586647194267,"j":-10.326186632290272,"k":-5.243747606065033,"l":-3.0939353077336373,"m":-3.183490992114414,"n":-1.3149173099661595,"o":-2.666033042759567,"p":-4.935214122581963,"q":-7.891112356250147,"r":-3.4116212613795858,"s":-2.0565791153203863,"t":-2.10439411411989,"u":-6.506644479656291,"v":-3.825522783160883,"w":-10.103043080976063,"x":-6.171217448251737,"y":-10.326186632290272,"z":-5.511295915320112," ":-3.631521443773726},"j":{"a":-2.3517477937695075,"b":-6.509067155152996,"c":-6.509067155152996,"d":-6.509067155152996,"e":-1.415316954346234,"f":-6.509067155152996,"g":-6.509067155152996,"h":-6.509067155152996,"i":-5.515815382142713,"j":-6.509067155152996,"k":-6.509067155152996,"l":-6.509067155152996,"m":-6.509067155152996,"n":-6.509067155152996,"o":-1.2790286293582542,"p":-6.509067155152996,"q":-6.509067155152996,"r":-6.326745598359042,"s":-6.509067155152996,"t":-6.509067155152996,"u":-1.1005509963068842,"v":-6.509067155152996,"w":-6.509067155152996,"x":-6.509067155152996,"y":-6.509067155152996,"z":-6.509067155152996," ":-4.176923259917406},"k":{"a":-3.6638035133457247,"b":-7.516312391241462,"c":-6.363632881303078,"d":-7.767626819522369,"e":-1.238833828782397,"f":-6.399350963905157,"g":-6.972696944652482,"h":-3.6744734426704215,"i":-1.8132709318099811,"j":-8.104099056143582,"k":-8.008788876339256,"l":-3.932793452785353,"m":-6.1581889070882685,"n":-2.3814948272467933,"o":-3.871442878123969,"p":-7.921777499349627,"q":-8.008788876339256,"r":-5.562497062679037,"s":-3.051682228032371,"t":-7.005486767475472,"u":-3.773365715857251,"v":-7.315641695779312,"w":-5.531486825936476,"x":-8.104099056143582,"y":-4.712952010334928,"z":-8.104099056143582," ":-1.326566364211419},"l":{"a":-2.2848478136392174,"b":-6.700585505655411,"c":-5.78838475903278,"d":-2.878353246291299,"e":-1.799127525743682,"f":-4.165270306492825,"g":-6.9135766855056024,"h":-8.058708989808604,"i":-2.189860567510711,"j":-9.899258623206093,"k":-4.992503459597228,"l":-2.080184953976358,"m":-5.086261590015684,"n":-6.549354535931487,"o":-2.4664790010581514,"p":-5.640813050303565,"q":-9.803948443401767,"r":-5.6871310253276075,"s":-3.9292731077752343,"t":-3.888236576882579,"u":-3.8378017042780748,"v":-5.110933894120154,"w":-5.498655602959275,"x":-9.899258623206093,"y":-2.347914122512354,"z":-8.618324777744027," ":-1.9335047384411423},"m":{"a":-1.7752795556329322,"b":-3.704885869300046,"c":-6.613925694267685,"d":-8.86521749287418,"e":-1.3849772097393247,"f":-6.467322220075809,"g":-9.357693977971975,"h":-9.047539049668135,"i":-2.457512764490075,"j":-9.357693977971975,